uav_id,arrival,assembly_complete,upper_complete,lower_complete,wait_time,approach_start,landing_start,landing_complete
1,36.9571228592531,37.9571228592531,38.9571228592531,39.9571228592531,0.0,39.9571228592531,40.9571228592531,41.9571228592531
2,44.53693535803644,45.53693535803644,46.53693535803644,47.53693535803644,0.0,47.53693535803644,48.53693535803644,49.53693535803644
3,68.69888671836728,69.69888671836728,70.69888671836728,71.69888671836728,0.0,71.69888671836728,72.69888671836728,73.69888671836728
4,79.99821160160874,80.99821160160874,81.99821160160874,82.99821160160874,0.0,82.99821160160874,83.99821160160874,84.99821160160874
5,90.18261411224321,91.18261411224321,92.18261411224321,93.18261411224321,0.0,93.18261411224321,94.18261411224321,95.18261411224321
6,99.09612282042332,100.09612282042332,101.09612282042332,102.09612282042332,0.0,102.09612282042332,103.09612282042332,104.09612282042332
7,103.67640991910102,104.67640991910102,105.67640991910102,106.67640991910102,0.0,106.67640991910102,107.67640991910102,108.67640991910102
8,104.8370041096937,105.8370041096937,106.8370041096937,107.8370041096937,0.0,107.8370041096937,108.8370041096937,109.8370041096937
